areaCode,areaName,areaType,date,cumAdmissions,cumPeopleVaccinatedCompleteByPublishDate
K02000001,United Kingdom,overview,2021-10-05,,45049953
K02000001,United Kingdom,overview,2021-10-04,,45021381
K02000001,United Kingdom,overview,2021-10-03,,44992044
K02000001,United Kingdom,overview,2021-10-02,550270,44970512
K02000001,United Kingdom,overview,2021-10-01,549604,44936121
K02000001,United Kingdom,overview,2021-09-30,548958,44901832
K02000001,United Kingdom,overview,2021-09-29,548308,44867373
K02000001,United Kingdom,overview,2021-09-28,547520,44833280
K02000001,United Kingdom,overview,2021-09-27,546763,44799748
K02000001,United Kingdom,overview,2021-09-26,545991,44766571
K02000001,United Kingdom,overview,2021-09-25,545329,44741032
K02000001,United Kingdom,overview,2021-09-24,544664,44693914
K02000001,United Kingdom,overview,2021-09-23,543941,44649155
K02000001,United Kingdom,overview,2021-09-22,543173,44604567
K02000001,United Kingdom,overview,2021-09-21,542427,44560520
K02000001,United Kingdom,overview,2021-09-20,541636,44517114
K02000001,United Kingdom,overview,2021-09-19,540832,44470772
K02000001,United Kingdom,overview,2021-09-18,540108,44435615
K02000001,United Kingdom,overview,2021-09-17,539350,44363118
K02000001,United Kingdom,overview,2021-09-16,538595,44302734
K02000001,United Kingdom,overview,2021-09-15,537710,44238761
K02000001,United Kingdom,overview,2021-09-14,536764,44175471
K02000001,United Kingdom,overview,2021-09-13,535820,44108746
K02000001,United Kingdom,overview,2021-09-12,534885,44048093
K02000001,United Kingdom,overview,2021-09-11,534024,43995478
K02000001,United Kingdom,overview,2021-09-10,533172,43897419
K02000001,United Kingdom,overview,2021-09-09,532253,43805608
K02000001,United Kingdom,overview,2021-09-08,531222,43708906
K02000001,United Kingdom,overview,2021-09-07,530061,43620946
K02000001,United Kingdom,overview,2021-09-06,528962,43535098
K02000001,United Kingdom,overview,2021-09-05,527886,43455083
K02000001,United Kingdom,overview,2021-09-04,527009,43381890
K02000001,United Kingdom,overview,2021-09-03,526061,43253337
K02000001,United Kingdom,overview,2021-09-02,525137,43142747
K02000001,United Kingdom,overview,2021-09-01,524138,43023372
K02000001,United Kingdom,overview,2021-08-31,523062,42909987
K02000001,United Kingdom,overview,2021-08-30,522067,42790585
K02000001,United Kingdom,overview,2021-08-29,521070,42723937
K02000001,United Kingdom,overview,2021-08-28,520218,42644497
K02000001,United Kingdom,overview,2021-08-27,519358,42510809
K02000001,United Kingdom,overview,2021-08-26,518421,42379353
K02000001,United Kingdom,overview,2021-08-25,517470,42234417
K02000001,United Kingdom,overview,2021-08-24,516439,42072712
K02000001,United Kingdom,overview,2021-08-23,515444,41942036
K02000001,United Kingdom,overview,2021-08-22,514481,41810753
K02000001,United Kingdom,overview,2021-08-21,513649,41694401
K02000001,United Kingdom,overview,2021-08-20,512779,41499520
K02000001,United Kingdom,overview,2021-08-19,511913,41332128
K02000001,United Kingdom,overview,2021-08-18,510970,41157069
K02000001,United Kingdom,overview,2021-08-17,510062,40987846
K02000001,United Kingdom,overview,2021-08-16,509095,40841971
K02000001,United Kingdom,overview,2021-08-15,508225,40703581
K02000001,United Kingdom,overview,2021-08-14,507417,40577198
K02000001,United Kingdom,overview,2021-08-13,506628,40377614
K02000001,United Kingdom,overview,2021-08-12,505841,40206029
K02000001,United Kingdom,overview,2021-08-11,504983,40013470
K02000001,United Kingdom,overview,2021-08-10,504137,39839709
K02000001,United Kingdom,overview,2021-08-09,503245,39688566
K02000001,United Kingdom,overview,2021-08-08,502490,39551538
K02000001,United Kingdom,overview,2021-08-07,501749,39429468
K02000001,United Kingdom,overview,2021-08-06,501023,39215885
K02000001,United Kingdom,overview,2021-08-05,500244,39047529
K02000001,United Kingdom,overview,2021-08-04,499435,38874837
K02000001,United Kingdom,overview,2021-08-03,498600,38709168
K02000001,United Kingdom,overview,2021-08-02,497836,38566407
K02000001,United Kingdom,overview,2021-08-01,497051,38440215
K02000001,United Kingdom,overview,2021-07-31,496311,38322171
K02000001,United Kingdom,overview,2021-07-30,495637,38110157
K02000001,United Kingdom,overview,2021-07-29,494893,37939061
K02000001,United Kingdom,overview,2021-07-28,494056,37759143
K02000001,United Kingdom,overview,2021-07-27,493205,37587970
K02000001,United Kingdom,overview,2021-07-26,492290,37436320
K02000001,United Kingdom,overview,2021-07-25,491353,37287384
K02000001,United Kingdom,overview,2021-07-24,490413,37169428
K02000001,United Kingdom,overview,2021-07-23,489587,36965542
K02000001,United Kingdom,overview,2021-07-22,488723,36776201
K02000001,United Kingdom,overview,2021-07-21,487769,36587904
K02000001,United Kingdom,overview,2021-07-20,486840,36404566
K02000001,United Kingdom,overview,2021-07-19,485904,36243287
K02000001,United Kingdom,overview,2021-07-18,485030,36099727
K02000001,United Kingdom,overview,2021-07-17,484231,35970849
K02000001,United Kingdom,overview,2021-07-16,483522,35745635
K02000001,United Kingdom,overview,2021-07-15,482821,35543321
K02000001,United Kingdom,overview,2021-07-14,482049,35341428
K02000001,United Kingdom,overview,2021-07-13,481295,35155767
K02000001,United Kingdom,overview,2021-07-12,480545,34997491
K02000001,United Kingdom,overview,2021-07-11,479813,34872131
K02000001,United Kingdom,overview,2021-07-10,479221,34764511
K02000001,United Kingdom,overview,2021-07-09,478669,34553065
K02000001,United Kingdom,overview,2021-07-08,478113,34374246
K02000001,United Kingdom,overview,2021-07-07,477507,34198779
K02000001,United Kingdom,overview,2021-07-06,476939,34027302
K02000001,United Kingdom,overview,2021-07-05,476365,33874176
K02000001,United Kingdom,overview,2021-07-04,475848,33726362
K02000001,United Kingdom,overview,2021-07-03,475383,33614952
K02000001,United Kingdom,overview,2021-07-02,474992,33418743
K02000001,United Kingdom,overview,2021-07-01,474602,33241265
K02000001,United Kingdom,overview,2021-06-30,474231,33048199
K02000001,United Kingdom,overview,2021-06-29,473816,32872450
K02000001,United Kingdom,overview,2021-06-28,473449,32721762
K02000001,United Kingdom,overview,2021-06-27,473139,32583746
K02000001,United Kingdom,overview,2021-06-26,472872,32460191
K02000001,United Kingdom,overview,2021-06-25,472605,32260686
K02000001,United Kingdom,overview,2021-06-24,472350,32085916
K02000001,United Kingdom,overview,2021-06-23,472094,31908103
K02000001,United Kingdom,overview,2021-06-22,471817,31740115
K02000001,United Kingdom,overview,2021-06-21,471579,31489240
K02000001,United Kingdom,overview,2021-06-20,471351,31449915
K02000001,United Kingdom,overview,2021-06-19,471145,31340507
K02000001,United Kingdom,overview,2021-06-18,470933,31104144
K02000001,United Kingdom,overview,2021-06-17,470697,30898467
K02000001,United Kingdom,overview,2021-06-16,470455,30675207
K02000001,United Kingdom,overview,2021-06-15,470227,30440373
K02000001,United Kingdom,overview,2021-06-14,469995,30209707
K02000001,United Kingdom,overview,2021-06-13,469767,29973779
K02000001,United Kingdom,overview,2021-06-12,469545,29792658
K02000001,United Kingdom,overview,2021-06-11,469368,29472332
K02000001,United Kingdom,overview,2021-06-10,469190,29165140
K02000001,United Kingdom,overview,2021-06-09,468990,28857102
K02000001,United Kingdom,overview,2021-06-08,468797,28540844
K02000001,United Kingdom,overview,2021-06-07,468608,28227362
K02000001,United Kingdom,overview,2021-06-06,468433,27921294
K02000001,United Kingdom,overview,2021-06-05,468279,27661353
K02000001,United Kingdom,overview,2021-06-04,468153,27187975
K02000001,United Kingdom,overview,2021-06-03,468030,26799944
K02000001,United Kingdom,overview,2021-06-02,467904,26422303
K02000001,United Kingdom,overview,2021-06-01,467776,26073284
K02000001,United Kingdom,overview,2021-05-31,467622,25734719
K02000001,United Kingdom,overview,2021-05-30,467498,25539173
K02000001,United Kingdom,overview,2021-05-29,467386,25332851
K02000001,United Kingdom,overview,2021-05-28,467282,24914003
K02000001,United Kingdom,overview,2021-05-27,467142,24478052
K02000001,United Kingdom,overview,2021-05-26,467015,24043956
K02000001,United Kingdom,overview,2021-05-25,466883,23616498
K02000001,United Kingdom,overview,2021-05-24,466750,23228511
K02000001,United Kingdom,overview,2021-05-23,466611,22895556
K02000001,United Kingdom,overview,2021-05-22,466497,22643417
K02000001,United Kingdom,overview,2021-05-21,466377,22086466
K02000001,United Kingdom,overview,2021-05-20,466253,21659783
K02000001,United Kingdom,overview,2021-05-19,466121,21239471
K02000001,United Kingdom,overview,2021-05-18,465995,20870453
K02000001,United Kingdom,overview,2021-05-17,465867,20546452
K02000001,United Kingdom,overview,2021-05-16,465765,20287403
K02000001,United Kingdom,overview,2021-05-15,465685,20103658
K02000001,United Kingdom,overview,2021-05-14,465594,19712412
K02000001,United Kingdom,overview,2021-05-13,465501,19319010
K02000001,United Kingdom,overview,2021-05-12,465395,18890969
K02000001,United Kingdom,overview,2021-05-11,465276,18438532
K02000001,United Kingdom,overview,2021-05-10,465166,18088385
K02000001,United Kingdom,overview,2021-05-09,465062,17856550
K02000001,United Kingdom,overview,2021-05-08,464959,17669379
K02000001,United Kingdom,overview,2021-05-07,464850,17230542
K02000001,United Kingdom,overview,2021-05-06,464746,16764720
K02000001,United Kingdom,overview,2021-05-05,464626,16291719
K02000001,United Kingdom,overview,2021-05-04,464508,15887493
K02000001,United Kingdom,overview,2021-05-03,464406,15630007
K02000001,United Kingdom,overview,2021-05-02,464283,15502508
K02000001,United Kingdom,overview,2021-05-01,464163,15329617
K02000001,United Kingdom,overview,2021-04-30,464062,14957313
K02000001,United Kingdom,overview,2021-04-29,463952,14535528
K02000001,United Kingdom,overview,2021-04-28,463852,14043961
K02000001,United Kingdom,overview,2021-04-27,463740,13581076
K02000001,United Kingdom,overview,2021-04-26,463572,13201811
K02000001,United Kingdom,overview,2021-04-25,463438,12897123
K02000001,United Kingdom,overview,2021-04-24,463300,12636322
K02000001,United Kingdom,overview,2021-04-23,463171,12088686
K02000001,United Kingdom,overview,2021-04-22,463016,11623671
K02000001,United Kingdom,overview,2021-04-21,462896,11192601
K02000001,United Kingdom,overview,2021-04-20,462724,10775817
K02000001,United Kingdom,overview,2021-04-19,462589,10425790
K02000001,United Kingdom,overview,2021-04-18,462412,10152039
K02000001,United Kingdom,overview,2021-04-17,462271,9930846
K02000001,United Kingdom,overview,2021-04-16,462113,9431211
K02000001,United Kingdom,overview,2021-04-15,461955,8931547
K02000001,United Kingdom,overview,2021-04-14,461794,8513864
K02000001,United Kingdom,overview,2021-04-13,461598,8170081
K02000001,United Kingdom,overview,2021-04-12,461417,7857396
K02000001,United Kingdom,overview,2021-04-11,461209,7656205
K02000001,United Kingdom,overview,2021-04-10,461005,7466540
K02000001,United Kingdom,overview,2021-04-09,460818,6991310
K02000001,United Kingdom,overview,2021-04-08,460613,6541174
K02000001,United Kingdom,overview,2021-04-07,460405,6091905
K02000001,United Kingdom,overview,2021-04-06,460171,5683509
K02000001,United Kingdom,overview,2021-04-05,459947,5496716
K02000001,United Kingdom,overview,2021-04-04,459709,5432126
K02000001,United Kingdom,overview,2021-04-03,459512,5384418
K02000001,United Kingdom,overview,2021-04-02,459289,5205505
K02000001,United Kingdom,overview,2021-04-01,459051,4958874
K02000001,United Kingdom,overview,2021-03-31,458818,4513458
K02000001,United Kingdom,overview,2021-03-30,458549,4125884
K02000001,United Kingdom,overview,2021-03-29,458293,3848202
K02000001,United Kingdom,overview,2021-03-28,458043,3679972
K02000001,United Kingdom,overview,2021-03-27,457771,3532378
K02000001,United Kingdom,overview,2021-03-26,457498,3293517
K02000001,United Kingdom,overview,2021-03-25,457200,3009863
K02000001,United Kingdom,overview,2021-03-24,456860,2775481
K02000001,United Kingdom,overview,2021-03-23,456512,2532839
K02000001,United Kingdom,overview,2021-03-22,456145,2363684
K02000001,United Kingdom,overview,2021-03-21,455784,2281384
K02000001,United Kingdom,overview,2021-03-20,455426,2228772
K02000001,United Kingdom,overview,2021-03-19,455062,2136795
K02000001,United Kingdom,overview,2021-03-18,454682,2011070
K02000001,United Kingdom,overview,2021-03-17,454231,1879054
K02000001,United Kingdom,overview,2021-03-16,453785,1759445
K02000001,United Kingdom,overview,2021-03-15,453343,1663646
K02000001,United Kingdom,overview,2021-03-14,452840,1610280
K02000001,United Kingdom,overview,2021-03-13,452412,1584909
K02000001,United Kingdom,overview,2021-03-12,451951,1532754
K02000001,United Kingdom,overview,2021-03-11,451469,1445078
K02000001,United Kingdom,overview,2021-03-10,450919,1351515
K02000001,United Kingdom,overview,2021-03-09,450352,1254353
K02000001,United Kingdom,overview,2021-03-08,449773,1181431
K02000001,United Kingdom,overview,2021-03-07,449197,1142643
K02000001,United Kingdom,overview,2021-03-06,448662,1122402
K02000001,United Kingdom,overview,2021-03-05,448024,1090840
K02000001,United Kingdom,overview,2021-03-04,447425,1034068
K02000001,United Kingdom,overview,2021-03-03,446721,963862
K02000001,United Kingdom,overview,2021-03-02,446008,895412
K02000001,United Kingdom,overview,2021-03-01,445174,844098
K02000001,United Kingdom,overview,2021-02-28,444351,815816
K02000001,United Kingdom,overview,2021-02-27,443582,796132
K02000001,United Kingdom,overview,2021-02-26,442840,768810
K02000001,United Kingdom,overview,2021-02-25,441976,736037
K02000001,United Kingdom,overview,2021-02-24,441007,700718
K02000001,United Kingdom,overview,2021-02-23,439985,669105
K02000001,United Kingdom,overview,2021-02-22,438865,642788
K02000001,United Kingdom,overview,2021-02-21,437746,624325
K02000001,United Kingdom,overview,2021-02-20,436589,615148
K02000001,United Kingdom,overview,2021-02-19,435497,604885
K02000001,United Kingdom,overview,2021-02-18,434224,589591
K02000001,United Kingdom,overview,2021-02-17,432885,573724
K02000001,United Kingdom,overview,2021-02-16,431473,558577
K02000001,United Kingdom,overview,2021-02-15,429979,546165
K02000001,United Kingdom,overview,2021-02-14,428475,539630
K02000001,United Kingdom,overview,2021-02-13,426940,537715
K02000001,United Kingdom,overview,2021-02-12,425514,534869
K02000001,United Kingdom,overview,2021-02-11,424005,530094
K02000001,United Kingdom,overview,2021-02-10,422325,524447
K02000001,United Kingdom,overview,2021-02-09,420600,519553
K02000001,United Kingdom,overview,2021-02-08,418845,516392
K02000001,United Kingdom,overview,2021-02-07,416924,512581
K02000001,United Kingdom,overview,2021-02-06,415073,511719
K02000001,United Kingdom,overview,2021-02-05,413179,510057
K02000001,United Kingdom,overview,2021-02-04,411173,505993
K02000001,United Kingdom,overview,2021-02-03,409031,501957
K02000001,United Kingdom,overview,2021-02-02,406671,498962
K02000001,United Kingdom,overview,2021-02-01,404187,496796
K02000001,United Kingdom,overview,2021-01-31,401585,494209
K02000001,United Kingdom,overview,2021-01-30,399178,491053
K02000001,United Kingdom,overview,2021-01-29,396707,480432
K02000001,United Kingdom,overview,2021-01-28,394020,478254
K02000001,United Kingdom,overview,2021-01-27,390974,476485
K02000001,United Kingdom,overview,2021-01-26,387916,474156
K02000001,United Kingdom,overview,2021-01-25,384765,472446
K02000001,United Kingdom,overview,2021-01-24,381834,470478
K02000001,United Kingdom,overview,2021-01-23,378722,469660
K02000001,United Kingdom,overview,2021-01-22,375605,468617
K02000001,United Kingdom,overview,2021-01-21,372212,466796
K02000001,United Kingdom,overview,2021-01-20,368576,464036
K02000001,United Kingdom,overview,2021-01-19,364526,460625
K02000001,United Kingdom,overview,2021-01-18,360365,456866
K02000001,United Kingdom,overview,2021-01-17,356300,452301
K02000001,United Kingdom,overview,2021-01-16,352550,450062
K02000001,United Kingdom,overview,2021-01-15,348609,447442
K02000001,United Kingdom,overview,2021-01-14,344924,443234
K02000001,United Kingdom,overview,2021-01-13,340821,437977
K02000001,United Kingdom,overview,2021-01-12,336597,428232
K02000001,United Kingdom,overview,2021-01-11,332014,412167
K02000001,United Kingdom,overview,2021-01-10,327705,391399
K02000001,United Kingdom,overview,2021-01-09,323768,
K02000001,United Kingdom,overview,2021-01-08,319641,
K02000001,United Kingdom,overview,2021-01-07,315642,
K02000001,United Kingdom,overview,2021-01-06,311347,
K02000001,United Kingdom,overview,2021-01-05,306955,
K02000001,United Kingdom,overview,2021-01-04,302837,
K02000001,United Kingdom,overview,2021-01-03,298901,
K02000001,United Kingdom,overview,2021-01-02,295252,
K02000001,United Kingdom,overview,2021-01-01,291808,
K02000001,United Kingdom,overview,2020-12-31,288439,
K02000001,United Kingdom,overview,2020-12-30,285518,
K02000001,United Kingdom,overview,2020-12-29,282224,
K02000001,United Kingdom,overview,2020-12-28,278972,
K02000001,United Kingdom,overview,2020-12-27,275834,
K02000001,United Kingdom,overview,2020-12-26,272962,
K02000001,United Kingdom,overview,2020-12-25,270432,
K02000001,United Kingdom,overview,2020-12-24,268251,
K02000001,United Kingdom,overview,2020-12-23,266168,
K02000001,United Kingdom,overview,2020-12-22,263889,
K02000001,United Kingdom,overview,2020-12-21,261408,
K02000001,United Kingdom,overview,2020-12-20,259038,
K02000001,United Kingdom,overview,2020-12-19,256867,
K02000001,United Kingdom,overview,2020-12-18,254822,
K02000001,United Kingdom,overview,2020-12-17,252901,
K02000001,United Kingdom,overview,2020-12-16,250757,
K02000001,United Kingdom,overview,2020-12-15,248676,
K02000001,United Kingdom,overview,2020-12-14,246718,
K02000001,United Kingdom,overview,2020-12-13,244762,
K02000001,United Kingdom,overview,2020-12-12,243007,
K02000001,United Kingdom,overview,2020-12-11,241207,
K02000001,United Kingdom,overview,2020-12-10,239519,
K02000001,United Kingdom,overview,2020-12-09,237764,
K02000001,United Kingdom,overview,2020-12-08,236007,
K02000001,United Kingdom,overview,2020-12-07,234224,
K02000001,United Kingdom,overview,2020-12-06,232562,
K02000001,United Kingdom,overview,2020-12-05,231091,
K02000001,United Kingdom,overview,2020-12-04,229712,
K02000001,United Kingdom,overview,2020-12-03,228280,
K02000001,United Kingdom,overview,2020-12-02,226778,
K02000001,United Kingdom,overview,2020-12-01,225292,
K02000001,United Kingdom,overview,2020-11-30,223802,
K02000001,United Kingdom,overview,2020-11-29,222396,
K02000001,United Kingdom,overview,2020-11-28,221008,
K02000001,United Kingdom,overview,2020-11-27,219788,
K02000001,United Kingdom,overview,2020-11-26,218508,
K02000001,United Kingdom,overview,2020-11-25,217082,
K02000001,United Kingdom,overview,2020-11-24,215468,
K02000001,United Kingdom,overview,2020-11-23,213969,
K02000001,United Kingdom,overview,2020-11-22,212381,
K02000001,United Kingdom,overview,2020-11-21,210889,
K02000001,United Kingdom,overview,2020-11-20,209427,
K02000001,United Kingdom,overview,2020-11-19,207876,
K02000001,United Kingdom,overview,2020-11-18,206189,
K02000001,United Kingdom,overview,2020-11-17,204403,
K02000001,United Kingdom,overview,2020-11-16,202685,
K02000001,United Kingdom,overview,2020-11-15,200914,
K02000001,United Kingdom,overview,2020-11-14,199239,
K02000001,United Kingdom,overview,2020-11-13,197622,
K02000001,United Kingdom,overview,2020-11-12,195971,
K02000001,United Kingdom,overview,2020-11-11,194055,
K02000001,United Kingdom,overview,2020-11-10,192083,
K02000001,United Kingdom,overview,2020-11-09,190227,
K02000001,United Kingdom,overview,2020-11-08,188458,
K02000001,United Kingdom,overview,2020-11-07,186766,
K02000001,United Kingdom,overview,2020-11-06,185207,
K02000001,United Kingdom,overview,2020-11-05,183789,
K02000001,United Kingdom,overview,2020-11-04,182198,
K02000001,United Kingdom,overview,2020-11-03,180510,
K02000001,United Kingdom,overview,2020-11-02,178984,
K02000001,United Kingdom,overview,2020-11-01,177410,
K02000001,United Kingdom,overview,2020-10-31,175912,
K02000001,United Kingdom,overview,2020-10-30,174451,
K02000001,United Kingdom,overview,2020-10-29,173066,
K02000001,United Kingdom,overview,2020-10-28,171474,
K02000001,United Kingdom,overview,2020-10-27,169980,
K02000001,United Kingdom,overview,2020-10-26,168481,
K02000001,United Kingdom,overview,2020-10-25,166940,
K02000001,United Kingdom,overview,2020-10-24,165517,
K02000001,United Kingdom,overview,2020-10-23,164255,
K02000001,United Kingdom,overview,2020-10-22,162956,
K02000001,United Kingdom,overview,2020-10-21,161671,
K02000001,United Kingdom,overview,2020-10-20,160407,
K02000001,United Kingdom,overview,2020-10-19,159214,
K02000001,United Kingdom,overview,2020-10-18,158106,
K02000001,United Kingdom,overview,2020-10-17,157015,
K02000001,United Kingdom,overview,2020-10-16,155983,
K02000001,United Kingdom,overview,2020-10-15,155058,
K02000001,United Kingdom,overview,2020-10-14,154011,
K02000001,United Kingdom,overview,2020-10-13,153023,
K02000001,United Kingdom,overview,2020-10-12,151992,
K02000001,United Kingdom,overview,2020-10-11,151102,
K02000001,United Kingdom,overview,2020-10-10,150278,
K02000001,United Kingdom,overview,2020-10-09,149554,
K02000001,United Kingdom,overview,2020-10-08,148846,
K02000001,United Kingdom,overview,2020-10-07,148132,
K02000001,United Kingdom,overview,2020-10-06,147438,
K02000001,United Kingdom,overview,2020-10-05,146714,
K02000001,United Kingdom,overview,2020-10-04,146084,
K02000001,United Kingdom,overview,2020-10-03,145452,
K02000001,United Kingdom,overview,2020-10-02,144919,
K02000001,United Kingdom,overview,2020-10-01,144390,
K02000001,United Kingdom,overview,2020-09-30,143861,
K02000001,United Kingdom,overview,2020-09-29,143409,
K02000001,United Kingdom,overview,2020-09-28,142967,
K02000001,United Kingdom,overview,2020-09-27,142522,
K02000001,United Kingdom,overview,2020-09-26,142179,
K02000001,United Kingdom,overview,2020-09-25,141827,
K02000001,United Kingdom,overview,2020-09-24,141445,
K02000001,United Kingdom,overview,2020-09-23,141020,
K02000001,United Kingdom,overview,2020-09-22,140596,
K02000001,United Kingdom,overview,2020-09-21,140244,
K02000001,United Kingdom,overview,2020-09-20,139872,
K02000001,United Kingdom,overview,2020-09-19,139583,
K02000001,United Kingdom,overview,2020-09-18,139322,
K02000001,United Kingdom,overview,2020-09-17,139059,
K02000001,United Kingdom,overview,2020-09-16,138794,
K02000001,United Kingdom,overview,2020-09-15,138509,
K02000001,United Kingdom,overview,2020-09-14,138239,
K02000001,United Kingdom,overview,2020-09-13,137981,
K02000001,United Kingdom,overview,2020-09-12,137755,
K02000001,United Kingdom,overview,2020-09-11,137537,
K02000001,United Kingdom,overview,2020-09-10,137307,
K02000001,United Kingdom,overview,2020-09-09,137088,
K02000001,United Kingdom,overview,2020-09-08,136885,
K02000001,United Kingdom,overview,2020-09-07,136699,
K02000001,United Kingdom,overview,2020-09-06,136553,
K02000001,United Kingdom,overview,2020-09-05,136414,
K02000001,United Kingdom,overview,2020-09-04,136284,
K02000001,United Kingdom,overview,2020-09-03,136129,
K02000001,United Kingdom,overview,2020-09-02,135983,
K02000001,United Kingdom,overview,2020-09-01,135836,
K02000001,United Kingdom,overview,2020-08-31,135702,
K02000001,United Kingdom,overview,2020-08-30,135611,
K02000001,United Kingdom,overview,2020-08-29,135533,
K02000001,United Kingdom,overview,2020-08-28,135423,
K02000001,United Kingdom,overview,2020-08-27,135286,
K02000001,United Kingdom,overview,2020-08-26,135134,
K02000001,United Kingdom,overview,2020-08-25,135002,
K02000001,United Kingdom,overview,2020-08-24,134880,
K02000001,United Kingdom,overview,2020-08-23,134787,
K02000001,United Kingdom,overview,2020-08-22,134713,
K02000001,United Kingdom,overview,2020-08-21,134641,
K02000001,United Kingdom,overview,2020-08-20,134532,
K02000001,United Kingdom,overview,2020-08-19,134434,
K02000001,United Kingdom,overview,2020-08-18,134317,
K02000001,United Kingdom,overview,2020-08-17,134186,
K02000001,United Kingdom,overview,2020-08-16,134088,
K02000001,United Kingdom,overview,2020-08-15,134008,
K02000001,United Kingdom,overview,2020-08-14,133909,
K02000001,United Kingdom,overview,2020-08-13,133806,
K02000001,United Kingdom,overview,2020-08-12,133676,
K02000001,United Kingdom,overview,2020-08-11,133575,
K02000001,United Kingdom,overview,2020-08-10,133461,
K02000001,United Kingdom,overview,2020-08-09,133374,
K02000001,United Kingdom,overview,2020-08-08,133267,
K02000001,United Kingdom,overview,2020-08-07,133126,
K02000001,United Kingdom,overview,2020-08-06,133010,
K02000001,United Kingdom,overview,2020-08-05,132908,
K02000001,United Kingdom,overview,2020-08-04,132767,
K02000001,United Kingdom,overview,2020-08-03,132639,
K02000001,United Kingdom,overview,2020-08-02,132529,
K02000001,United Kingdom,overview,2020-08-01,132434,
K02000001,United Kingdom,overview,2020-07-31,132307,
K02000001,United Kingdom,overview,2020-07-30,132192,
K02000001,United Kingdom,overview,2020-07-29,132060,
K02000001,United Kingdom,overview,2020-07-28,131927,
K02000001,United Kingdom,overview,2020-07-27,131808,
K02000001,United Kingdom,overview,2020-07-26,131678,
K02000001,United Kingdom,overview,2020-07-25,131569,
K02000001,United Kingdom,overview,2020-07-24,131450,
K02000001,United Kingdom,overview,2020-07-23,131292,
K02000001,United Kingdom,overview,2020-07-22,131092,
K02000001,United Kingdom,overview,2020-07-21,130934,
K02000001,United Kingdom,overview,2020-07-20,130807,
K02000001,United Kingdom,overview,2020-07-19,130677,
K02000001,United Kingdom,overview,2020-07-18,130551,
K02000001,United Kingdom,overview,2020-07-17,130446,
K02000001,United Kingdom,overview,2020-07-16,130302,
K02000001,United Kingdom,overview,2020-07-15,130135,
K02000001,United Kingdom,overview,2020-07-14,129969,
K02000001,United Kingdom,overview,2020-07-13,129782,
K02000001,United Kingdom,overview,2020-07-12,129593,
K02000001,United Kingdom,overview,2020-07-11,129479,
K02000001,United Kingdom,overview,2020-07-10,129302,
K02000001,United Kingdom,overview,2020-07-09,129127,
K02000001,United Kingdom,overview,2020-07-08,128912,
K02000001,United Kingdom,overview,2020-07-07,128704,
K02000001,United Kingdom,overview,2020-07-06,128489,
K02000001,United Kingdom,overview,2020-07-05,128284,
K02000001,United Kingdom,overview,2020-07-04,128088,
K02000001,United Kingdom,overview,2020-07-03,127885,
K02000001,United Kingdom,overview,2020-07-02,127671,
K02000001,United Kingdom,overview,2020-07-01,127454,
K02000001,United Kingdom,overview,2020-06-30,127185,
K02000001,United Kingdom,overview,2020-06-29,126889,
K02000001,United Kingdom,overview,2020-06-28,126668,
K02000001,United Kingdom,overview,2020-06-27,126460,
K02000001,United Kingdom,overview,2020-06-26,126173,
K02000001,United Kingdom,overview,2020-06-25,125834,
K02000001,United Kingdom,overview,2020-06-24,125509,
K02000001,United Kingdom,overview,2020-06-23,125141,
K02000001,United Kingdom,overview,2020-06-22,124778,
K02000001,United Kingdom,overview,2020-06-21,124383,
K02000001,United Kingdom,overview,2020-06-20,124095,
K02000001,United Kingdom,overview,2020-06-19,123838,
K02000001,United Kingdom,overview,2020-06-18,123502,
K02000001,United Kingdom,overview,2020-06-17,123097,
K02000001,United Kingdom,overview,2020-06-16,122664,
K02000001,United Kingdom,overview,2020-06-15,122208,
K02000001,United Kingdom,overview,2020-06-14,121768,
K02000001,United Kingdom,overview,2020-06-13,121404,
K02000001,United Kingdom,overview,2020-06-12,121018,
K02000001,United Kingdom,overview,2020-06-11,120624,
K02000001,United Kingdom,overview,2020-06-10,120178,
K02000001,United Kingdom,overview,2020-06-09,119666,
K02000001,United Kingdom,overview,2020-06-08,119173,
K02000001,United Kingdom,overview,2020-06-07,118761,
K02000001,United Kingdom,overview,2020-06-06,118353,
K02000001,United Kingdom,overview,2020-06-05,117946,
K02000001,United Kingdom,overview,2020-06-04,117471,
K02000001,United Kingdom,overview,2020-06-03,116905,
K02000001,United Kingdom,overview,2020-06-02,116271,
K02000001,United Kingdom,overview,2020-06-01,115603,
K02000001,United Kingdom,overview,2020-05-31,114999,
K02000001,United Kingdom,overview,2020-05-30,114470,
K02000001,United Kingdom,overview,2020-05-29,113902,
K02000001,United Kingdom,overview,2020-05-28,113288,
K02000001,United Kingdom,overview,2020-05-27,112585,
K02000001,United Kingdom,overview,2020-05-26,111873,
K02000001,United Kingdom,overview,2020-05-25,111175,
K02000001,United Kingdom,overview,2020-05-24,110573,
K02000001,United Kingdom,overview,2020-05-23,109986,
K02000001,United Kingdom,overview,2020-05-22,109343,
K02000001,United Kingdom,overview,2020-05-21,108603,
K02000001,United Kingdom,overview,2020-05-20,107762,
K02000001,United Kingdom,overview,2020-05-19,106911,
K02000001,United Kingdom,overview,2020-05-18,106030,
K02000001,United Kingdom,overview,2020-05-17,105180,
K02000001,United Kingdom,overview,2020-05-16,104387,
K02000001,United Kingdom,overview,2020-05-15,103574,
K02000001,United Kingdom,overview,2020-05-14,102703,
K02000001,United Kingdom,overview,2020-05-13,101794,
K02000001,United Kingdom,overview,2020-05-12,100828,
K02000001,United Kingdom,overview,2020-05-11,99845,
K02000001,United Kingdom,overview,2020-05-10,98816,
K02000001,United Kingdom,overview,2020-05-09,97900,
K02000001,United Kingdom,overview,2020-05-08,96956,
K02000001,United Kingdom,overview,2020-05-07,96046,
K02000001,United Kingdom,overview,2020-05-06,94880,
K02000001,United Kingdom,overview,2020-05-05,93674,
K02000001,United Kingdom,overview,2020-05-04,92528,
K02000001,United Kingdom,overview,2020-05-03,91279,
K02000001,United Kingdom,overview,2020-05-02,90091,
K02000001,United Kingdom,overview,2020-05-01,88911,
K02000001,United Kingdom,overview,2020-04-30,87648,
K02000001,United Kingdom,overview,2020-04-29,86207,
K02000001,United Kingdom,overview,2020-04-28,84719,
K02000001,United Kingdom,overview,2020-04-27,83201,
K02000001,United Kingdom,overview,2020-04-26,81663,
K02000001,United Kingdom,overview,2020-04-25,80308,
K02000001,United Kingdom,overview,2020-04-24,79055,
K02000001,United Kingdom,overview,2020-04-23,77529,
K02000001,United Kingdom,overview,2020-04-22,76015,
K02000001,United Kingdom,overview,2020-04-21,74486,
K02000001,United Kingdom,overview,2020-04-20,72774,
K02000001,United Kingdom,overview,2020-04-19,71040,
K02000001,United Kingdom,overview,2020-04-18,69383,
K02000001,United Kingdom,overview,2020-04-17,67754,
K02000001,United Kingdom,overview,2020-04-16,65787,
K02000001,United Kingdom,overview,2020-04-15,63776,
K02000001,United Kingdom,overview,2020-04-14,61896,
K02000001,United Kingdom,overview,2020-04-13,59808,
K02000001,United Kingdom,overview,2020-04-12,57646,
K02000001,United Kingdom,overview,2020-04-11,55580,
K02000001,United Kingdom,overview,2020-04-10,53417,
K02000001,United Kingdom,overview,2020-04-09,50954,
K02000001,United Kingdom,overview,2020-04-08,48325,
K02000001,United Kingdom,overview,2020-04-07,45358,
K02000001,United Kingdom,overview,2020-04-06,42208,
K02000001,United Kingdom,overview,2020-04-05,39162,
K02000001,United Kingdom,overview,2020-04-04,36245,
K02000001,United Kingdom,overview,2020-04-03,33323,
K02000001,United Kingdom,overview,2020-04-02,30393,
K02000001,United Kingdom,overview,2020-04-01,27107,
K02000001,United Kingdom,overview,2020-03-31,23540,
K02000001,United Kingdom,overview,2020-03-30,20708,
K02000001,United Kingdom,overview,2020-03-29,17516,
K02000001,United Kingdom,overview,2020-03-28,15027,
K02000001,United Kingdom,overview,2020-03-27,12835,
K02000001,United Kingdom,overview,2020-03-26,10608,
K02000001,United Kingdom,overview,2020-03-25,8681,
K02000001,United Kingdom,overview,2020-03-24,6596,
K02000001,United Kingdom,overview,2020-03-23,4879,
